<?xml version="1.0" encoding="UTF-8" standalone="yes"?>
<contentHaul xmlns:a="http://www.appian.com/ae/types/2009">
    <versionUuid>_a-0000e11e-fdc0-8000-9ba2-011c48011c48_15419680</versionUuid>
    <rulesFolder>
        <name>ABE Rules and Interfaces</name>
        <uuid>_a-0000e0e4-b6aa-8000-eab7-03ef9003ef90_21927</uuid>
        <description></description>
        <parentUuid>SYSTEM_RULES_ROOT</parentUuid>
        <visibility>
            <advertise>false</advertise>
            <hierarchy>true</hierarchy>
            <indexable>true</indexable>
            <quota>false</quota>
            <searchable>true</searchable>
            <system>false</system>
            <unlogged>false</unlogged>
        </visibility>
    </rulesFolder>
    <roleMap public="true">
        <role inherit="false" allowForAll="false" name="readers">
            <users/>
            <groups>
                <groupUuid>_e-0000e0ef-20fa-8000-0ae7-031e94031e94_22</groupUuid>
            </groups>
        </role>
        <role inherit="false" allowForAll="false" name="authors">
            <users/>
            <groups>
                <groupUuid>_e-0000e0ef-20fa-8000-0ae7-031e94031e94_20</groupUuid>
            </groups>
        </role>
        <role inherit="false" allowForAll="false" name="administrators">
            <users/>
            <groups>
                <groupUuid>_e-0000e0ef-20fa-8000-0ae7-031e94031e94_18</groupUuid>
            </groups>
        </role>
        <role inherit="false" allowForAll="false" name="denyReaders">
            <users/>
            <groups/>
        </role>
        <role inherit="false" allowForAll="false" name="denyAuthors">
            <users/>
            <groups/>
        </role>
        <role inherit="false" allowForAll="false" name="denyAdministrators">
            <users/>
            <groups/>
        </role>
    </roleMap>
    <history>
        <historyInfo versionUuid="_a-0000e0e4-b6aa-8000-eab7-03ef9003ef90_21931"/>
        <historyInfo versionUuid="_a-0000e0ef-211a-8000-0aec-03ef9003ef90_23002"/>
        <historyInfo versionUuid="_a-0000e11e-fdc0-8000-9ba2-011c48011c48_15419680"/>
    </history>
</contentHaul>
