<?xml version="1.0" encoding="UTF-8" standalone="yes"?>
<contentHaul xmlns:a="http://www.appian.com/ae/types/2009">
    <versionUuid>_a-0000e24f-d56f-8000-9ba2-011c48011c48_16915732</versionUuid>
    <rule>
        <name>ABE_EmbeddedFromParametersJS</name>
        <uuid>_a-0000e0e4-b6aa-8000-eab7-03ef9003ef90_21947</uuid>
        <description></description>
        <parentUuid>_a-0000e0e4-b6aa-8000-eab7-03ef9003ef90_21927</parentUuid>
        <visibility>
            <advertise>false</advertise>
            <hierarchy>true</hierarchy>
            <indexable>true</indexable>
            <quota>false</quota>
            <searchable>true</searchable>
            <system>false</system>
            <unlogged>false</unlogged>
        </visibility>
        <definition>"
!function(e){var t={};function n(r){if(t[r])return t[r].exports;var o=t[r]={i:r,l:!1,exports:{}};return e[r].call(o.exports,o,o.exports,n),o.l=!0,o.exports}n.m=e,n.c=t,n.d=function(e,t,r){n.o(e,t)||Object.defineProperty(e,t,{enumerable:!0,get:r})},n.r=function(e){'undefined'!==typeof Symbol&amp;&amp;Symbol.toStringTag&amp;&amp;Object.defineProperty(e,Symbol.toStringTag,{value:'Module'}),Object.defineProperty(e,'__esModule',{value:!0})},n.t=function(e,t){if(1&amp;t&amp;&amp;(e=n(e)),8&amp;t)return e;if(4&amp;t&amp;&amp;'object'===typeof e&amp;&amp;e&amp;&amp;e.__esModule)return e;var r=Object.create(null);if(n.r(r),Object.defineProperty(r,'default',{enumerable:!0,value:e}),2&amp;t&amp;&amp;'string'!=typeof e)for(var o in e)n.d(r,o,function(t){return e[t]}.bind(null,o));return r},n.n=function(e){var t=e&amp;&amp;e.__esModule?function(){return e.default}:function(){return e};return n.d(t,'a',t),t},n.o=function(e,t){return Object.prototype.hasOwnProperty.call(e,t)},n.p='/',n(n.s=93)}({18:function(e,t,n){'use strict';(function(e){for(var n='undefined'!==typeof window&amp;&amp;'undefined'!==typeof document,r=['Edge','Trident','Firefox'],o=0,i=0;i&lt;r.length;i+=1)if(n&amp;&amp;navigator.userAgent.indexOf(r[i])&gt;=0){o=1;break}var a=n&amp;&amp;window.Promise?function(e){var t=!1;return function(){t||(t=!0,window.Promise.resolve().then(function(){t=!1,e()}))}}:function(e){var t=!1;return function(){t||(t=!0,setTimeout(function(){t=!1,e()},o))}};function s(e){return e&amp;&amp;'[object Function]'==={}.toString.call(e)}function f(e,t){if(1!==e.nodeType)return[];var n=getComputedStyle(e,null);return t?n[t]:n}function c(e){return'HTML'===e.nodeName?e:e.parentNode||e.host}function p(e){if(!e)return document.body;switch(e.nodeName){case'HTML':case'BODY':return e.ownerDocument.body;case'#document':return e.body}var t=f(e),n=t.overflow,r=t.overflowX,o=t.overflowY;return/(auto|scroll|overlay)/.test(n+o+r)?e:p(c(e))}var l=n&amp;&amp;!(!window.MSInputMethodContext||!document.documentMode),u=n&amp;&amp;/MSIE 10/.test(navigator.userAgent);function d(e){return 11===e?l:10===e?u:l||u}function h(e){if(!e)return document.documentElement;for(var t=d(10)?document.body:null,n=e.offsetParent;n===t&amp;&amp;e.nextElementSibling;)n=(e=e.nextElementSibling).offsetParent;var r=n&amp;&amp;n.nodeName;return r&amp;&amp;'BODY'!==r&amp;&amp;'HTML'!==r?-1!==['TD','TABLE'].indexOf(n.nodeName)&amp;&amp;'static'===f(n,'position')?h(n):n:e?e.ownerDocument.documentElement:document.documentElement}function m(e){return null!==e.parentNode?m(e.parentNode):e}function v(e,t){if(!e||!e.nodeType||!t||!t.nodeType)return document.documentElement;var n=e.compareDocumentPosition(t)&amp;Node.DOCUMENT_POSITION_FOLLOWING,r=n?e:t,o=n?t:e,i=document.createRange();i.setStart(r,0),i.setEnd(o,0);var a=i.commonAncestorContainer;if(e!==a&amp;&amp;t!==a||r.contains(o))return function(e){var t=e.nodeName;return'BODY'!==t&amp;&amp;('HTML'===t||h(e.firstElementChild)===e)}(a)?a:h(a);var s=m(e);return s.host?v(s.host,t):v(e,m(t).host)}function g(e){var t='top'===(arguments.length&gt;1&amp;&amp;void 0!==arguments[1]?arguments[1]:'top')?'scrollTop':'scrollLeft',n=e.nodeName;if('BODY'===n||'HTML'===n){var r=e.ownerDocument.documentElement;return(e.ownerDocument.scrollingElement||r)[t]}return e[t]}function b(e,t){var n='x'===t?'Left':'Top',r='Left'===n?'Right':'Bottom';return parseFloat(e['border'+n+'Width'],10)+parseFloat(e['border'+r+'Width'],10)}function w(e,t,n,r){return Math.max(t['offset'+e],t['scroll'+e],n['client'+e],n['offset'+e],n['scroll'+e],d(10)?n['offset'+e]+r['margin'+('Height'===e?'Top':'Left')]+r['margin'+('Height'===e?'Bottom':'Right')]:0)}function y(){var e=document.body,t=document.documentElement,n=d(10)&amp;&amp;getComputedStyle(t);return{height:w('Height',e,t,n),width:w('Width',e,t,n)}}var E=function(e,t){if(!(e instanceof t))throw new TypeError('Cannot call a class as a function')},x=function(){function e(e,t){for(var n=0;n&lt;t.length;n++){var r=t[n];r.enumerable=r.enumerable||!1,r.configurable=!0,'value'in r&amp;&amp;(r.writable=!0),Object.defineProperty(e,r.key,r)}}return function(t,n,r){return n&amp;&amp;e(t.prototype,n),r&amp;&amp;e(t,r),t}}(),M=function(e,t,n){return t in e?Object.defineProperty(e,t,{value:n,enumerable:!0,configurable:!0,writable:!0}):e[t]=n,e},O=Object.assign||function(e){for(var t=1;t&lt;arguments.length;t++){var n=arguments[t];for(var r in n)Object.prototype.hasOwnProperty.call(n,r)&amp;&amp;(e[r]=n[r])}return e};function L(e){return O({},e,{right:e.left+e.width,bottom:e.top+e.height})}function C(e){var t={};try{if(d(10)){t=e.getBoundingClientRect();var n=g(e,'top'),r=g(e,'left');t.top+=n,t.left+=r,t.bottom+=n,t.right+=r}else t=e.getBoundingClientRect()}catch(u){}var o={left:t.left,top:t.top,width:t.right-t.left,height:t.bottom-t.top},i='HTML'===e.nodeName?y():{},a=i.width||e.clientWidth||o.right-o.left,s=i.height||e.clientHeight||o.bottom-o.top,c=e.offsetWidth-a,p=e.offsetHeight-s;if(c||p){var l=f(e);c-=b(l,'x'),p-=b(l,'y'),o.width-=c,o.height-=p}return L(o)}function T(e,t){var n=arguments.length&gt;2&amp;&amp;void 0!==arguments[2]&amp;&amp;arguments[2],r=d(10),o='HTML'===t.nodeName,i=C(e),a=C(t),s=p(e),c=f(t),l=parseFloat(c.borderTopWidth,10),u=parseFloat(c.borderLeftWidth,10);n&amp;&amp;'HTML'===t.nodeName&amp;&amp;(a.top=Math.max(a.top,0),a.left=Math.max(a.left,0));var h=L({top:i.top-a.top-l,left:i.left-a.left-u,width:i.width,height:i.height});if(h.marginTop=0,h.marginLeft=0,!r&amp;&amp;o){var m=parseFloat(c.marginTop,10),v=parseFloat(c.marginLeft,10);h.top-=l-m,h.bottom-=l-m,h.left-=u-v,h.right-=u-v,h.marginTop=m,h.marginLeft=v}return(r&amp;&amp;!n?t.contains(s):t===s&amp;&amp;'BODY'!==s.nodeName)&amp;&amp;(h=function(e,t){var n=arguments.length&gt;2&amp;&amp;void 0!==arguments[2]&amp;&amp;arguments[2],r=g(t,'top'),o=g(t,'left'),i=n?-1:1;return e.top+=r*i,e.bottom+=r*i,e.left+=o*i,e.right+=o*i,e}(h,t)),h}function N(e){if(!e||!e.parentElement||d())return document.documentElement;for(var t=e.parentElement;t&amp;&amp;'none'===f(t,'transform');)t=t.parentElement;return t||document.documentElement}function S(e,t,n,r){var o=arguments.length&gt;4&amp;&amp;void 0!==arguments[4]&amp;&amp;arguments[4],i={top:0,left:0},a=o?N(e):v(e,t);if('viewport'===r)i=function(e){var t=arguments.length&gt;1&amp;&amp;void 0!==arguments[1]&amp;&amp;arguments[1],n=e.ownerDocument.documentElement,r=T(e,n),o=Math.max(n.clientWidth,window.innerWidth||0),i=Math.max(n.clientHeight,window.innerHeight||0),a=t?0:g(n),s=t?0:g(n,'left');return L({top:a-r.top+r.marginTop,left:s-r.left+r.marginLeft,width:o,height:i})}(a,o);else{var s=void 0;'scrollParent'===r?'BODY'===(s=p(c(t))).nodeName&amp;&amp;(s=e.ownerDocument.documentElement):s='window'===r?e.ownerDocument.documentElement:r;var l=T(s,a,o);if('HTML'!==s.nodeName||function e(t){var n=t.nodeName;return'BODY'!==n&amp;&amp;'HTML'!==n&amp;&amp;('fixed'===f(t,'position')||e(c(t)))}(a))i=l;else{var u=y(),d=u.height,h=u.width;i.top+=l.top-l.marginTop,i.bottom=d+l.top,i.left+=l.left-l.marginLeft,i.right=h+l.left}}return i.left+=n,i.top+=n,i.right-=n,i.bottom-=n,i}function k(e,t,n,r,o){var i=arguments.length&gt;5&amp;&amp;void 0!==arguments[5]?arguments[5]:0;if(-1===e.indexOf('auto'))return e;var a=S(n,r,i,o),s={top:{width:a.width,height:t.top-a.top},right:{width:a.right-t.right,height:a.height},bottom:{width:a.width,height:a.bottom-t.bottom},left:{width:t.left-a.left,height:a.height}},f=Object.keys(s).map(function(e){return O({key:e},s[e],{area:(t=s[e],t.width*t.height)});var t}).sort(function(e,t){return t.area-e.area}),c=f.filter(function(e){var t=e.width,r=e.height;return t&gt;=n.clientWidth&amp;&amp;r&gt;=n.clientHeight}),p=c.length&gt;0?c[0].key:f[0].key,l=e.split('-')[1];return p+(l?'-'+l:'')}function F(e,t,n){var r=arguments.length&gt;3&amp;&amp;void 0!==arguments[3]?arguments[3]:null;return T(n,r?N(t):v(t,n),r)}function D(e){var t=getComputedStyle(e),n=parseFloat(t.marginTop)+parseFloat(t.marginBottom),r=parseFloat(t.marginLeft)+parseFloat(t.marginRight);return{width:e.offsetWidth+r,height:e.offsetHeight+n}}function H(e){var t={left:'right',right:'left',bottom:'top',top:'bottom'};return e.replace(/left|right|bottom|top/g,function(e){return t[e]})}function P(e,t,n){n=n.split('-')[0];var r=D(e),o={width:r.width,height:r.height},i=-1!==['right','left'].indexOf(n),a=i?'top':'left',s=i?'left':'top',f=i?'height':'width',c=i?'width':'height';return o[a]=t[a]+t[f]/2-r[f]/2,o[s]=n===s?t[s]-r[c]:t[H(s)],o}function W(e,t){return Array.prototype.find?e.find(t):e.filter(t)[0]}function A(e,t,n){return(void 0===n?e:e.slice(0,function(e,t,n){if(Array.prototype.findIndex)return e.findIndex(function(e){return e[t]===n});var r=W(e,function(e){return e[t]===n});return e.indexOf(r)}(e,'name',n))).forEach(function(e){e.function&amp;&amp;console.warn('`modifier.function` is deprecated, use `modifier.fn`!');var n=e.function||e.fn;e.enabled&amp;&amp;s(n)&amp;&amp;(t.offsets.popper=L(t.offsets.popper),t.offsets.reference=L(t.offsets.reference),t=n(t,e))}),t}function B(e,t){return e.some(function(e){var n=e.name;return e.enabled&amp;&amp;n===t})}function I(e){for(var t=[!1,'ms','Webkit','Moz','O'],n=e.charAt(0).toUpperCase()+e.slice(1),r=0;r&lt;t.length;r++){var o=t[r],i=o?''+o+n:e;if('undefined'!==typeof document.body.style[i])return i}return null}function j(e){var t=e.ownerDocument;return t?t.defaultView:window}function R(e,t,n,r){n.updateBound=r,j(e).addEventListener('resize',n.updateBound,{passive:!0});var o=p(e);return function e(t,n,r,o){var i='BODY'===t.nodeName,a=i?t.ownerDocument.defaultView:t;a.addEventListener(n,r,{passive:!0}),i||e(p(a.parentNode),n,r,o),o.push(a)}(o,'scroll',n.updateBound,n.scrollParents),n.scrollElement=o,n.eventsEnabled=!0,n}function U(){var e,t;this.state.eventsEnabled&amp;&amp;(cancelAnimationFrame(this.scheduleUpdate),this.state=(e=this.reference,t=this.state,j(e).removeEventListener('resize',t.updateBound),t.scrollParents.forEach(function(e){e.removeEventListener('scroll',t.updateBound)}),t.updateBound=null,t.scrollParents=[],t.scrollElement=null,t.eventsEnabled=!1,t))}function _(e){return''!==e&amp;&amp;!isNaN(parseFloat(e))&amp;&amp;isFinite(e)}function Y(e,t){Object.keys(t).forEach(function(n){var r='';-1!==['width','height','top','right','bottom','left'].indexOf(n)&amp;&amp;_(t[n])&amp;&amp;(r='px'),e.style[n]=t[n]+r})}function q(e,t,n){var r=W(e,function(e){return e.name===t}),o=!!r&amp;&amp;e.some(function(e){return e.name===n&amp;&amp;e.enabled&amp;&amp;e.order&lt;r.order});if(!o){var i='`'+t+'`',a='`'+n+'`';console.warn(a+' modifier is required by '+i+' modifier in order to work, be sure to include it before '+i+'!')}return o}var z=['auto-start','auto','auto-end','top-start','top','top-end','right-start','right','right-end','bottom-end','bottom','bottom-start','left-end','left','left-start'],K=z.slice(3);function V(e){var t=arguments.length&gt;1&amp;&amp;void 0!==arguments[1]&amp;&amp;arguments[1],n=K.indexOf(e),r=K.slice(n+1).concat(K.slice(0,n));return t?r.reverse():r}var G={FLIP:'flip',CLOCKWISE:'clockwise',COUNTERCLOCKWISE:'counterclockwise'};function J(e,t,n,r){var o=[0,0],i=-1!==['right','left'].indexOf(r),a=e.split(/(\+|\-)/).map(function(e){return e.trim()}),s=a.indexOf(W(a,function(e){return-1!==e.search(/,|\s/)}));a[s]&amp;&amp;-1===a[s].indexOf(',')&amp;&amp;console.warn('Offsets separated by white space(s) are deprecated, use a comma (,) instead.');var f=/\s*,\s*|\s+/,c=-1!==s?[a.slice(0,s).concat([a[s].split(f)[0]]),[a[s].split(f)[1]].concat(a.slice(s+1))]:[a];return(c=c.map(function(e,r){var o=(1===r?!i:i)?'height':'width',a=!1;return e.reduce(function(e,t){return''===e[e.length-1]&amp;&amp;-1!==['+','-'].indexOf(t)?(e[e.length-1]=t,a=!0,e):a?(e[e.length-1]+=t,a=!1,e):e.concat(t)},[]).map(function(e){return function(e,t,n,r){var o=e.match(/((?:\-|\+)?\d*\.?\d*)(.*)/),i=+o[1],a=o[2];if(!i)return e;if(0===a.indexOf('%')){var s=void 0;switch(a){case'%p':s=n;break;case'%':case'%r':default:s=r}return L(s)[t]/100*i}if('vh'===a||'vw'===a)return('vh'===a?Math.max(document.documentElement.clientHeight,window.innerHeight||0):Math.max(document.documentElement.clientWidth,window.innerWidth||0))/100*i;return i}(e,o,t,n)})})).forEach(function(e,t){e.forEach(function(n,r){_(n)&amp;&amp;(o[t]+=n*('-'===e[r-1]?-1:1))})}),o}var X={placement:'bottom',positionFixed:!1,eventsEnabled:!0,removeOnDestroy:!1,onCreate:function(){},onUpdate:function(){},modifiers:{shift:{order:100,enabled:!0,fn:function(e){var t=e.placement,n=t.split('-')[0],r=t.split('-')[1];if(r){var o=e.offsets,i=o.reference,a=o.popper,s=-1!==['bottom','top'].indexOf(n),f=s?'left':'top',c=s?'width':'height',p={start:M({},f,i[f]),end:M({},f,i[f]+i[c]-a[c])};e.offsets.popper=O({},a,p[r])}return e}},offset:{order:200,enabled:!0,fn:function(e,t){var n=t.offset,r=e.placement,o=e.offsets,i=o.popper,a=o.reference,s=r.split('-')[0],f=void 0;return f=_(+n)?[+n,0]:J(n,i,a,s),'left'===s?(i.top+=f[0],i.left-=f[1]):'right'===s?(i.top+=f[0],i.left+=f[1]):'top'===s?(i.left+=f[0],i.top-=f[1]):'bottom'===s&amp;&amp;(i.left+=f[0],i.top+=f[1]),e.popper=i,e},offset:0},preventOverflow:{order:300,enabled:!0,fn:function(e,t){var n=t.boundariesElement||h(e.instance.popper);e.instance.reference===n&amp;&amp;(n=h(n));var r=I('transform'),o=e.instance.popper.style,i=o.top,a=o.left,s=o[r];o.top='',o.left='',o[r]='';var f=S(e.instance.popper,e.instance.reference,t.padding,n,e.positionFixed);o.top=i,o.left=a,o[r]=s,t.boundaries=f;var c=t.priority,p=e.offsets.popper,l={primary:function(e){var n=p[e];return p[e]&lt;f[e]&amp;&amp;!t.escapeWithReference&amp;&amp;(n=Math.max(p[e],f[e])),M({},e,n)},secondary:function(e){var n='right'===e?'left':'top',r=p[n];return p[e]&gt;f[e]&amp;&amp;!t.escapeWithReference&amp;&amp;(r=Math.min(p[n],f[e]-('right'===e?p.width:p.height))),M({},n,r)}};return c.forEach(function(e){var t=-1!==['left','top'].indexOf(e)?'primary':'secondary';p=O({},p,l[t](e))}),e.offsets.popper=p,e},priority:['left','right','top','bottom'],padding:5,boundariesElement:'scrollParent'},keepTogether:{order:400,enabled:!0,fn:function(e){var t=e.offsets,n=t.popper,r=t.reference,o=e.placement.split('-')[0],i=Math.floor,a=-1!==['top','bottom'].indexOf(o),s=a?'right':'bottom',f=a?'left':'top',c=a?'width':'height';return n[s]&lt;i(r[f])&amp;&amp;(e.offsets.popper[f]=i(r[f])-n[c]),n[f]&gt;i(r[s])&amp;&amp;(e.offsets.popper[f]=i(r[s])),e}},arrow:{order:500,enabled:!0,fn:function(e,t){var n;if(!q(e.instance.modifiers,'arrow','keepTogether'))return e;var r=t.element;if('string'===typeof r){if(!(r=e.instance.popper.querySelector(r)))return e}else if(!e.instance.popper.contains(r))return console.warn('WARNING: `arrow.element` must be child of its popper element!'),e;var o=e.placement.split('-')[0],i=e.offsets,a=i.popper,s=i.reference,c=-1!==['left','right'].indexOf(o),p=c?'height':'width',l=c?'Top':'Left',u=l.toLowerCase(),d=c?'left':'top',h=c?'bottom':'right',m=D(r)[p];s[h]-m&lt;a[u]&amp;&amp;(e.offsets.popper[u]-=a[u]-(s[h]-m)),s[u]+m&gt;a[h]&amp;&amp;(e.offsets.popper[u]+=s[u]+m-a[h]),e.offsets.popper=L(e.offsets.popper);var v=s[u]+s[p]/2-m/2,g=f(e.instance.popper),b=parseFloat(g['margin'+l],10),w=parseFloat(g['border'+l+'Width'],10),y=v-e.offsets.popper[u]-b-w;return y=Math.max(Math.min(a[p]-m,y),0),e.arrowElement=r,e.offsets.arrow=(M(n={},u,Math.round(y)),M(n,d,''),n),e},element:'[x-arrow]'},flip:{order:600,enabled:!0,fn:function(e,t){if(B(e.instance.modifiers,'inner'))return e;if(e.flipped&amp;&amp;e.placement===e.originalPlacement)return e;var n=S(e.instance.popper,e.instance.reference,t.padding,t.boundariesElement,e.positionFixed),r=e.placement.split('-')[0],o=H(r),i=e.placement.split('-')[1]||'',a=[];switch(t.behavior){case G.FLIP:a=[r,o];break;case G.CLOCKWISE:a=V(r);break;case G.COUNTERCLOCKWISE:a=V(r,!0);break;default:a=t.behavior}return a.forEach(function(s,f){if(r!==s||a.length===f+1)return e;r=e.placement.split('-')[0],o=H(r);var c=e.offsets.popper,p=e.offsets.reference,l=Math.floor,u='left'===r&amp;&amp;l(c.right)&gt;l(p.left)||'right'===r&amp;&amp;l(c.left)&lt;l(p.right)||'top'===r&amp;&amp;l(c.bottom)&gt;l(p.top)||'bottom'===r&amp;&amp;l(c.top)&lt;l(p.bottom),d=l(c.left)&lt;l(n.left),h=l(c.right)&gt;l(n.right),m=l(c.top)&lt;l(n.top),v=l(c.bottom)&gt;l(n.bottom),g='left'===r&amp;&amp;d||'right'===r&amp;&amp;h||'top'===r&amp;&amp;m||'bottom'===r&amp;&amp;v,b=-1!==['top','bottom'].indexOf(r),w=!!t.flipVariations&amp;&amp;(b&amp;&amp;'start'===i&amp;&amp;d||b&amp;&amp;'end'===i&amp;&amp;h||!b&amp;&amp;'start'===i&amp;&amp;m||!b&amp;&amp;'end'===i&amp;&amp;v);(u||g||w)&amp;&amp;(e.flipped=!0,(u||g)&amp;&amp;(r=a[f+1]),w&amp;&amp;(i=function(e){return'end'===e?'start':'start'===e?'end':e}(i)),e.placement=r+(i?'-'+i:''),e.offsets.popper=O({},e.offsets.popper,P(e.instance.popper,e.offsets.reference,e.placement)),e=A(e.instance.modifiers,e,'flip'))}),e},behavior:'flip',padding:5,boundariesElement:'viewport'},inner:{order:700,enabled:!1,fn:function(e){var t=e.placement,n=t.split('-')[0],r=e.offsets,o=r.popper,i=r.reference,a=-1!==['left','right'].indexOf(n),s=-1===['top','left'].indexOf(n);return o[a?'left':'top']=i[n]-(s?o[a?'width':'height']:0),e.placement=H(t),e.offsets.popper=L(o),e}},hide:{order:800,enabled:!0,fn:function(e){if(!q(e.instance.modifiers,'hide','preventOverflow'))return e;var t=e.offsets.reference,n=W(e.instance.modifiers,function(e){return'preventOverflow'===e.name}).boundaries;if(t.bottom&lt;n.top||t.left&gt;n.right||t.top&gt;n.bottom||t.right&lt;n.left){if(!0===e.hide)return e;e.hide=!0,e.attributes['x-out-of-boundaries']=''}else{if(!1===e.hide)return e;e.hide=!1,e.attributes['x-out-of-boundaries']=!1}return e}},computeStyle:{order:850,enabled:!0,fn:function(e,t){var n=t.x,r=t.y,o=e.offsets.popper,i=W(e.instance.modifiers,function(e){return'applyStyle'===e.name}).gpuAcceleration;void 0!==i&amp;&amp;console.warn('WARNING: `gpuAcceleration` option moved to `computeStyle` modifier and will not be supported in future versions of Popper.js!');var a=void 0!==i?i:t.gpuAcceleration,s=C(h(e.instance.popper)),f={position:o.position},c={left:Math.floor(o.left),top:Math.round(o.top),bottom:Math.round(o.bottom),right:Math.floor(o.right)},p='bottom'===n?'top':'bottom',l='right'===r?'left':'right',u=I('transform'),d=void 0,m=void 0;if(m='bottom'===p?-s.height+c.bottom:c.top,d='right'===l?-s.width+c.right:c.left,a&amp;&amp;u)f[u]='translate3d('+d+'px, '+m+'px, 0)',f[p]=0,f[l]=0,f.willChange='transform';else{var v='bottom'===p?-1:1,g='right'===l?-1:1;f[p]=m*v,f[l]=d*g,f.willChange=p+', '+l}var b={'x-placement':e.placement};return e.attributes=O({},b,e.attributes),e.styles=O({},f,e.styles),e.arrowStyles=O({},e.offsets.arrow,e.arrowStyles),e},gpuAcceleration:!0,x:'bottom',y:'right'},applyStyle:{order:900,enabled:!0,fn:function(e){var t,n;return Y(e.instance.popper,e.styles),t=e.instance.popper,n=e.attributes,Object.keys(n).forEach(function(e){!1!==n[e]?t.setAttribute(e,n[e]):t.removeAttribute(e)}),e.arrowElement&amp;&amp;Object.keys(e.arrowStyles).length&amp;&amp;Y(e.arrowElement,e.arrowStyles),e},onLoad:function(e,t,n,r,o){var i=F(o,t,e,n.positionFixed),a=k(n.placement,i,t,e,n.modifiers.flip.boundariesElement,n.modifiers.flip.padding);return t.setAttribute('x-placement',a),Y(t,{position:n.positionFixed?'fixed':'absolute'}),n},gpuAcceleration:void 0}}},Q=function(){function e(t,n){var r=this,o=arguments.length&gt;2&amp;&amp;void 0!==arguments[2]?arguments[2]:{};E(this,e),this.scheduleUpdate=function(){return requestAnimationFrame(r.update)},this.update=a(this.update.bind(this)),this.options=O({},e.Defaults,o),this.state={isDestroyed:!1,isCreated:!1,scrollParents:[]},this.reference=t&amp;&amp;t.jquery?t[0]:t,this.popper=n&amp;&amp;n.jquery?n[0]:n,this.options.modifiers={},Object.keys(O({},e.Defaults.modifiers,o.modifiers)).forEach(function(t){r.options.modifiers[t]=O({},e.Defaults.modifiers[t]||{},o.modifiers?o.modifiers[t]:{})}),this.modifiers=Object.keys(this.options.modifiers).map(function(e){return O({name:e},r.options.modifiers[e])}).sort(function(e,t){return e.order-t.order}),this.modifiers.forEach(function(e){e.enabled&amp;&amp;s(e.onLoad)&amp;&amp;e.onLoad(r.reference,r.popper,r.options,e,r.state)}),this.update();var i=this.options.eventsEnabled;i&amp;&amp;this.enableEventListeners(),this.state.eventsEnabled=i}return x(e,[{key:'update',value:function(){return function(){if(!this.state.isDestroyed){var e={instance:this,styles:{},arrowStyles:{},attributes:{},flipped:!1,offsets:{}};e.offsets.reference=F(this.state,this.popper,this.reference,this.options.positionFixed),e.placement=k(this.options.placement,e.offsets.reference,this.popper,this.reference,this.options.modifiers.flip.boundariesElement,this.options.modifiers.flip.padding),e.originalPlacement=e.placement,e.positionFixed=this.options.positionFixed,e.offsets.popper=P(this.popper,e.offsets.reference,e.placement),e.offsets.popper.position=this.options.positionFixed?'fixed':'absolute',e=A(this.modifiers,e),this.state.isCreated?this.options.onUpdate(e):(this.state.isCreated=!0,this.options.onCreate(e))}}.call(this)}},{key:'destroy',value:function(){return function(){return this.state.isDestroyed=!0,B(this.modifiers,'applyStyle')&amp;&amp;(this.popper.removeAttribute('x-placement'),this.popper.style.position='',this.popper.style.top='',this.popper.style.left='',this.popper.style.right='',this.popper.style.bottom='',this.popper.style.willChange='',this.popper.style[I('transform')]=''),this.disableEventListeners(),this.options.removeOnDestroy&amp;&amp;this.popper.parentNode.removeChild(this.popper),this}.call(this)}},{key:'enableEventListeners',value:function(){return function(){this.state.eventsEnabled||(this.state=R(this.reference,this.options,this.state,this.scheduleUpdate))}.call(this)}},{key:'disableEventListeners',value:function(){return U.call(this)}}]),e}();Q.Utils=('undefined'!==typeof window?window:e).PopperUtils,Q.placements=z,Q.Defaults=X,t.a=Q}).call(this,n(9))},5:function(e,t,n){'use strict';var r=n(8),o={createElement:function(e,t){for(var n,o=arguments.length,i=new Array(o&gt;2?o-2:0),a=2;a&lt;o;a++)i[a-2]=arguments[a];var s=(n=[]).concat.apply(n,i),f=document.createElement(e);return Object.entries(t||{}).forEach(function(e){var t=Object(r.a)(e,2),n=t[0],o=t[1];switch(n){case'className':f.className=o;break;case'__source':case'__self':break;case'onClick':f.onclick=o;break;default:'function'===typeof o?f.addEventListener(n.replace(/^on/,''),o):f.setAttribute(n,o)}}),s.map(function(e){return e.nodeType?e:document.createTextNode(e.toString())}).forEach(function(e){f.appendChild(e)}),f}};t.a=o},8:function(e,t,n){'use strict';function r(e,t){return function(e){if(Array.isArray(e))return e}(e)||function(e,t){var n=[],r=!0,o=!1,i=void 0;try{for(var a,s=e[Symbol.iterator]();!(r=(a=s.next()).done)&amp;&amp;(n.push(a.value),!t||n.length!==t);r=!0);}catch(f){o=!0,i=f}finally{try{r||null==s.return||s.return()}finally{if(o)throw i}}return n}(e,t)||function(){throw new TypeError('Invalid attempt to destructure non-iterable instance')}()}n.d(t,'a',function(){return r})},88:function(e,t){document.getElementById('embedded-form').addEventListener('formComplete',function(e){'CANCEL'===String(e.detail.submitLabel).toUpperCase()?window.parent.postMessage('form-cancelled','*'):window.parent.postMessage('form-submitted','*')},!1),document.getElementById('embedded-form').addEventListener('dismiss',function(e){window.parent.postMessage('form-cancelled','*')},!1),new ResizeObserver(function(e){e.forEach(function(e){window.parent.postMessage('embed-resize: '.concat(e.contentRect.width,' x ').concat(e.contentRect.height),'*')})}).observe(document.querySelector('appian-action, appian-task'))},89:function(e,t,n){},9:function(e,t){var n;n=function(){return this}();try{n=n||Function('return this')()||(0,eval)('this')}catch(r){'object'===typeof window&amp;&amp;(n=window)}e.exports=n},93:function(e,t,n){'use strict';n.r(t);n(88),n(89);var r=n(18),o=n(5);!function(){function e(e){var t=e.classList;return t&amp;&amp;(t.contains('TextWidget---text')||t.contains('TextInput---text')||t.contains('ParagraphWidget---textarea'))}window.addEventListener('message',function(t){var n=/initialize-magic-menu(?:\?(.+))?/.exec(t.data);if(n){var i=n[1];if(i){var a=JSON.parse(i);a.v1&amp;&amp;function(t){var n=o.a.createElement('div',{className:'MagicMenu hidden'},o.a.createElement('div',{className:'MagicMenuButton',onClick:function(e){t.classList.contains('hidden')?(i.classList.add('active'),t.classList.remove('hidden')):(i.classList.remove('active'),t.classList.add('hidden'))},title:'Insert the current tab title, URL...'})),i=n.querySelector('.MagicMenuButton');n.popper=new r.a(document.body,n,{placement:'bottom-end',modifiers:{offset:{offset:'0, -28px'},flip:{enabled:!1}}}),document.getElementById('embedded-form').addEventListener('focusin',function(t){t&amp;&amp;e(t.target)?(n.popper.reference.classList.remove('MagicMenuHost','MagicMenuSpecificHost'),n.classList.remove('hidden'),i.classList.remove('active'),n.popper.reference=t.target,n.popper.reference.classList.add('MagicMenuHost','MagicMenuSpecificHost'),n.popper.scheduleUpdate()):(n.popper.reference.classList.remove('MagicMenuHost','MagicMenuSpecificHost'),n.classList.add('hidden'))},!0),document.body.appendChild(n)}(function(t){var n=o.a.createElement('div',{className:'MagicMenuDropdown hidden'},o.a.createElement('div',{className:'MagicMenuHeader'},o.a.createElement('span',null,'Insert text'),o.a.createElement('span',{className:'MagicMenuClose',onClick:function(){n.popper.reference.focus()},title:'Close'})),o.a.createElement('ul',null,t.map(function(e){return o.a.createElement('li',{onClick:i,value:e.value},o.a.createElement('div',{className:'MagicMenuItemTitle'},e.name),o.a.createElement('div',{className:'MagicMenuItemValue'},e.value))})));function i(e){var t=n.popper.reference;t.value=(t.value+' '+e.target.getAttribute('value')).trim(),t.dispatchEvent(new Event('input',{bubbles:!0})),t.focus()}return n.popper=new r.a(document.body,n,{placement:'bottom-start',modifiers:{matchTargetWidth:{enabled:!0,fn:function(e){return e.styles.width=e.offsets.reference.width,e}},offset:{offset:'0, 0'},flip:{enabled:!1}}}),document.getElementById('embedded-form').addEventListener('focusin',function(t){n.classList.add('hidden'),t&amp;&amp;e(t.target)&amp;&amp;(n.popper.reference=t.target,n.popper.scheduleUpdate())},!0),document.body.appendChild(n),n}(a.v1.suggestions))}}},!0),window.parent.postMessage('request-magic-menu-initialize?v1','*')}()}});
"</definition>
        <preferredEditor>legacy</preferredEditor>
        <offlineEnabled>false</offlineEnabled>
    </rule>
    <roleMap public="true">
        <role inherit="true" allowForAll="false" name="readers">
            <users/>
            <groups/>
        </role>
        <role inherit="true" allowForAll="false" name="authors">
            <users/>
            <groups/>
        </role>
        <role inherit="true" allowForAll="false" name="administrators">
            <users/>
            <groups/>
        </role>
        <role inherit="false" allowForAll="false" name="denyReaders">
            <users/>
            <groups/>
        </role>
        <role inherit="false" allowForAll="false" name="denyAuthors">
            <users/>
            <groups/>
        </role>
        <role inherit="false" allowForAll="false" name="denyAdministrators">
            <users/>
            <groups/>
        </role>
    </roleMap>
    <history>
        <historyInfo versionUuid="_a-0000e0e4-b6aa-8000-eab7-03ef9003ef90_21958"/>
        <historyInfo versionUuid="_a-0000e11e-fdc0-8000-9ba2-011c48011c48_15419673"/>
        <historyInfo versionUuid="_a-0000e153-ff98-8000-9ba2-011c48011c48_15542160"/>
        <historyInfo versionUuid="_a-0000e169-1d64-8000-9ba2-011c48011c48_15609227"/>
        <historyInfo versionUuid="_a-0000e24f-d56f-8000-9ba2-011c48011c48_16915732"/>
    </history>
</contentHaul>
