<?xml version="1.0" encoding="UTF-8" standalone="yes"?>
<groupHaul xmlns:a="http://www.appian.com/ae/types/2009">
    <versionUuid>_e-0000e1f2-4835-8000-9aee-01075c01075c_6595</versionUuid>
    <group>
        <name>Appian Browser Extension Feedback</name>
        <securityMap>SECURITYMAP_PUBLIC</securityMap>
        <uuid>_e-0000e1f2-4835-8000-9aee-01075c01075c_6594</uuid>
        <groupTypeUuid>SYSTEM_GROUP_TYPE_CUSTOM</groupTypeUuid>
        <description>Group responsible for handling feedback about the Appian Browser Extension</description>
        <delegatedCreation>false</delegatedCreation>
        <memberPolicy>MEMBERPOLICY_CLOSED</memberPolicy>
        <viewingPolicy>VIEWINGPOLICY_LOW</viewingPolicy>
        <attributes/>
    </group>
    <members>
        <users/>
        <groups/>
    </members>
    <admins>
        <users/>
        <groups>
            <groupUuid>_e-0000e0ef-20fa-8000-0ae7-031e94031e94_18</groupUuid>
        </groups>
    </admins>
    <ruleSet/>
    <history>
        <historyInfo versionUuid="_e-0000e1f2-4835-8000-9aee-01075c01075c_6595"/>
    </history>
</groupHaul>
