<?xml version="1.0" encoding="UTF-8" standalone="yes"?>
<groupHaul xmlns:a="http://www.appian.com/ae/types/2009">
    <versionUuid>_e-0000e11e-fda9-8000-9aee-01075c01075c_4776</versionUuid>
    <group>
        <name>ABE Users</name>
        <securityMap>SECURITYMAP_PUBLIC</securityMap>
        <uuid>_e-0000e0ef-20fa-8000-0ae7-031e94031e94_22</uuid>
        <groupTypeUuid>SYSTEM_GROUP_TYPE_CUSTOM</groupTypeUuid>
        <description></description>
        <delegatedCreation>false</delegatedCreation>
        <memberPolicy>MEMBERPOLICY_CLOSED</memberPolicy>
        <viewingPolicy>VIEWINGPOLICY_LOW</viewingPolicy>
        <attributes/>
    </group>
    <members>
        <users/>
        <groups>
            <groupUuid>_e-0000d7dc-7dea-8000-4593-010000010000_8</groupUuid>
        </groups>
    </members>
    <admins>
        <users/>
        <groups>
            <groupUuid>_e-0000e0ef-20fa-8000-0ae7-031e94031e94_18</groupUuid>
        </groups>
    </admins>
    <ruleSet/>
    <history>
        <historyInfo versionUuid="_e-0000e0ef-20fa-8000-0ae7-031e94031e94_23"/>
        <historyInfo versionUuid="_e-0000e11e-fda9-8000-9aee-01075c01075c_4776"/>
    </history>
</groupHaul>
