<?xml version="1.0" encoding="UTF-8" standalone="yes"?>
<webApiHaul xmlns:a="http://www.appian.com/ae/types/2009">
    <versionUuid>0f8be133-1e4e-47d9-a565-617b47e772e8</versionUuid>
    <webApi a:uuid="594d5512-cdc2-4eac-b5f9-5f50dc6d9354" name="ABE_EmbeddedFromParameters">
        <a:description>Returns the HTML page used to embed an action from your Appian site</a:description>
        <a:expression>fn!with(
  local!embeddedType: fn!index(http!request.queryParameters, "embeddedType", "action"),
  local!processModelUuid: fn!index(http!request.queryParameters, "processModelUuid", ""),
  local!taskId: fn!index(http!request.queryParameters, "taskId", ""),
#"SYSTEM_SYSRULES_httpResponse_v1"(
  statusCode: 200,
  headers: {
    #"SYSTEM_SYSRULES_httpHeader"(
      name: "Content-Type",
      value: "text/html"
    )
    , 
    #"SYSTEM_SYSRULES_httpHeader"(
      name: "X-Frame-Options",
      value: fn!null()
    )
  },
  body: "
&lt;html&gt;
  &lt;head&gt;
    &lt;script 
      src='../tempo/ui/sail-client/embeddedBootstrap.nocache.js'
      data-bannerposition='hidden'
      id='appianEmbedded'&gt;&lt;/script&gt;
    &lt;style&gt;
      body {
        margin: 0;
        padding: 0;
        font-family: Helvetica Neue,Helvetica,Arial;
      }
      iframe {
        height: 100%;
        width: 100%;
        border: none;
      }
      /* Hides the 'Form Submitted' message box */
      .EmbeddedApp---appianContent &gt; #task-body &gt; .StandaloneMessageBox---sailcontents,
      .EmbeddedApp---appianContent &gt; #action-body &gt; .StandaloneMessageBox---sailcontents {
          display: none;
      }
" &amp; #"_a-0000e0e4-b6aa-8000-eab7-03ef9003ef90_21935"() &amp; "
  &lt;/style&gt;
  &lt;/head&gt;
  &lt;body&gt;
" &amp;
  fn!if(local!embeddedType = "task",
"
    &lt;appian-task 
      id='embedded-form'
      taskId='" &amp; local!taskId &amp; "'
    &gt;
    &lt;/appian-task&gt;
",
"
    &lt;appian-action 
      id='embedded-form'
      processModelUuid='" &amp; local!processModelUuid &amp; "'
    &gt;
    &lt;/appian-action&gt;
"      
  )
&amp; "
    &lt;script&gt;
" &amp; #"_a-0000e0e4-b6aa-8000-eab7-03ef9003ef90_21947"() &amp; "
    &lt;/script&gt;
  &lt;/body&gt;
&lt;/html&gt;
"
      )
)</a:expression>
        <a:urlAlias>browser-extension-embed-from-parameters</a:urlAlias>
        <a:httpMethod>GET</a:httpMethod>
        <a:system>false</a:system>
    </webApi>
    <roleMap>
        <role name="web_api_editor">
            <users/>
            <groups>
                <groupUuid>_e-0000e0ef-20fa-8000-0ae7-031e94031e94_20</groupUuid>
            </groups>
        </role>
        <role name="web_api_administrator">
            <users/>
            <groups>
                <groupUuid>_e-0000e0ef-20fa-8000-0ae7-031e94031e94_18</groupUuid>
            </groups>
        </role>
        <role name="web_api_viewer">
            <users/>
            <groups>
                <groupUuid>_e-0000e0ef-20fa-8000-0ae7-031e94031e94_22</groupUuid>
            </groups>
        </role>
    </roleMap>
    <typedValue>
        <type>
            <name>WebApiRequest?list</name>
            <namespace>http://www.appian.com/ae/types/2009</namespace>
        </type>
        <value>
            <el>
                <a:path/>
                <a:body/>
            </el>
        </value>
    </typedValue>
    <history>
        <historyInfo versionUuid="e33a2a9d-6b09-4bdd-8593-6956eb199811"/>
        <historyInfo versionUuid="c1837bc4-0c05-4f2f-8848-c550eafa2970"/>
        <historyInfo versionUuid="83645035-920a-445f-a246-148e72303635"/>
        <historyInfo versionUuid="ea5b2ffa-c817-46ef-b606-c19ec3d64802"/>
        <historyInfo versionUuid="e237eab9-3c18-40c6-a16d-54510247a559"/>
        <historyInfo versionUuid="481f9fdd-f774-42d8-b364-d06c6c198298"/>
        <historyInfo versionUuid="d9a8dceb-35aa-41e0-89d4-818b6ce4eace"/>
        <historyInfo versionUuid="0f8be133-1e4e-47d9-a565-617b47e772e8"/>
    </history>
</webApiHaul>
