<?xml version="1.0" encoding="UTF-8" standalone="yes"?>
<webApiHaul xmlns:a="http://www.appian.com/ae/types/2009">
    <versionUuid>3afad94b-8e76-47c3-8e43-7d77f643ac81</versionUuid>
    <webApi a:uuid="84d16b34-3cb0-40ab-8847-fc887c6499aa" name="ABE_BrowserExtensionConnect">
        <a:description>The initial endpoint the extension hits to get site branding information.  </a:description>
        <a:expression>fn!load(
  local!callbackFunctionName: index(http!request.queryParameters, "callback", null),
  local!branding: {
    accentColor: "#0A4F0C" /* Homedev green */ 
    /*accentColor: "#C3122F"*/ /*Home prod red */
  },
  local!jsonResult: #"SYSTEM_SYSRULES_toJson_v1"({
    user: fn!loggedInUser(),
    branding: local!branding
  }),
  local!body: fn!if(not(isnull(local!callbackFunctionName)),
    local!callbackFunctionName &amp; "(" &amp; local!jsonResult &amp; ")",
    local!jsonResult
  ),
  #"SYSTEM_SYSRULES_httpResponse_v1"(
    statusCode: 200, /* OK */
    headers: {
      #"SYSTEM_SYSRULES_httpHeader"(
        name: "Content-Type",
        value: "application/json"
      ),
      #"SYSTEM_SYSRULES_httpHeader"(
        name: "X-Frame-Options",
        value: fn!null() 
      )
    },
    body: local!body
  )
)</a:expression>
        <a:urlAlias>browser-extension-connect</a:urlAlias>
        <a:httpMethod>GET</a:httpMethod>
        <a:system>false</a:system>
    </webApi>
    <roleMap>
        <role name="web_api_editor">
            <users/>
            <groups>
                <groupUuid>_e-0000e0ef-20fa-8000-0ae7-031e94031e94_20</groupUuid>
            </groups>
        </role>
        <role name="web_api_administrator">
            <users/>
            <groups>
                <groupUuid>_e-0000e0ef-20fa-8000-0ae7-031e94031e94_18</groupUuid>
            </groups>
        </role>
        <role name="web_api_viewer">
            <users/>
            <groups>
                <groupUuid>_e-0000e0ef-20fa-8000-0ae7-031e94031e94_22</groupUuid>
            </groups>
        </role>
    </roleMap>
    <typedValue>
        <type>
            <name>WebApiRequest?list</name>
            <namespace>http://www.appian.com/ae/types/2009</namespace>
        </type>
        <value>
            <el>
                <a:path/>
                <a:body/>
            </el>
        </value>
    </typedValue>
    <history>
        <historyInfo versionUuid="f6d0c3f9-4618-4cdf-b985-ebf94d8f125c"/>
        <historyInfo versionUuid="12538ff9-461f-4c27-b857-491469d55b15"/>
        <historyInfo versionUuid="2a7e0dda-6ddf-4604-b0de-88dd284036a7"/>
        <historyInfo versionUuid="680633d1-8c15-485b-a386-68811fc7d3b6"/>
        <historyInfo versionUuid="8615f749-4b2c-49ad-9da6-77ac3f4c72fb"/>
        <historyInfo versionUuid="c6784dab-9b15-40ff-bb96-d5f23ef4a068"/>
        <historyInfo versionUuid="fc549562-0cc9-4535-a71a-a453da9c6a21"/>
        <historyInfo versionUuid="b5e0119b-3cd1-4caa-9c85-4cc94cd7bb19"/>
        <historyInfo versionUuid="79745ee7-eb6d-4b48-8411-77bd7f04970d"/>
        <historyInfo versionUuid="3afad94b-8e76-47c3-8e43-7d77f643ac81"/>
    </history>
</webApiHaul>
